<?xml version="1.0" encoding="UTF-8"?>
<jcr:root xmlns:sling="http://sling.apache.org/jcr/sling/1.0"
	xmlns:cq="http://www.day.com/jcr/cq/1.0" xmlns:jcr="http://www.jcp.org/jcr/1.0"
	xmlns:nt="http://www.jcp.org/jcr/nt/1.0" jcr:primaryType="cq:Page">
	<jcr:content cq:deviceGroups="[/etc/mobile/groups/responsive]"
		jcr:primaryType="cq:PageContent" sling:resourceType="wknd/components/structure/page">
		<root jcr:primaryType="nt:unstructured" sling:resourceType="wcm/foundation/components/responsivegrid" />
		<cq:responsive jcr:primaryType="nt:unstructured">
			<breakpoints jcr:primaryType="nt:unstructured">
				<phone jcr:primaryType="nt:unstructured" title="Smaller Screen"
					width="{Long}768" />
				<tablet jcr:primaryType="nt:unstructured" title="Tablet"
					width="{Long}1200" />
			</breakpoints>
		</cq:responsive>
	</jcr:content>
</jcr:root>
